127.0.0.1,mtalk.google.com,2023-11-05
127.0.0.1,moviedownload.com,2023-11-05
127.0.0.1,moviedownload.com,2023-11-05
127.0.0.1,example.com,2023-11-05
172.19.124.102,example.com,2023-12-05
172.19.124.102,example.com,2023-12-05
172.19.124.102,172.19.124.157,2023-12-05
172.19.124.102,172.19.124.157,2023-12-05
192.168.188.99,moviedownload.com,2023-12-05
192.168.188.99,moviedownload.com,2023-12-05
192.168.188.99,192.168.188.139,2023-12-05
192.168.188.99,192.168.188.139,2023-12-05
192.168.188.99,example.com,2023-12-05
192.168.188.99,example.com,2023-12-05
192.168.188.99,example.com,2023-12-05
192.168.188.99,example.com,2023-12-05
192.168.188.99,example.com,2023-12-05
192.168.188.99,example.com,2023-12-05
192.168.188.99,example.com,2023-12-05
192.168.188.99,example.com,2023-12-05
192.168.188.99,example.com,2023-12-05
192.168.188.99,example.com,2023-12-05
192.168.188.99,example.com,2023-12-05
192.168.188.99,example.com,2023-12-05
192.168.188.99,example.com,2023-12-05
192.168.188.99,example.com,2023-12-05
192.168.188.99,example.com,2023-12-05
192.168.188.99,example.com,2023-12-05
192.168.188.99,192.168.188.139,2023-12-05
192.168.188.99,192.168.188.139,2023-12-05
192.168.188.99,192.168.188.139,2023-12-05
192.168.188.99,192.168.188.139,2023-12-05
192.168.188.99,192.168.188.139,2023-12-05
192.168.188.99,192.168.188.139,2023-12-05
192.168.188.99,moviedownload.com,2023-12-05
192.168.188.99,moviedownload.com,2023-12-05
